
SET AUTOCOMMIT = 0;
START TRANSACTION;
SET time_zone = "+00:00";


/*!40101 SET @OLD_CHARACTER_SET_CLIENT=@@CHARACTER_SET_CLIENT */;
/*!40101 SET @OLD_CHARACTER_SET_RESULTS=@@CHARACTER_SET_RESULTS */;
/*!40101 SET @OLD_COLLATION_CONNECTION=@@COLLATION_CONNECTION */;
/*!40101 SET NAMES utf8mb4 */;

--
-- Base de données :  `miniblog`
--

-- --------------------------------------------------------

--
-- Structure de la table `articles`
--

CREATE TABLE `articles` (
  `id` int(11) NOT NULL,
  `title` varchar(100) NOT NULL,
  `content` text NOT NULL,
  `author` varchar(255) NOT NULL,
  `stock` int(2) NOT NULL DEFAULT '0',
  `date` datetime NOT NULL
) ENGINE=InnoDB DEFAULT CHARSET=utf8;

--
-- Déchargement des données de la table `articles`
--

INSERT INTO `articles` (`id`, `title`, `content`, `author`, `stock`, `date`) VALUES
(1, 'Article 1', 'Ultima Syriarum est Palaestina per intervalla magna protenta, cultis abundans terris et nitidis et civitates habens quasdam egregias, nullam nulli cedentem sed sibi vicissim velut ad perpendiculum aemulas: Caesaream, quam ad honorem Octaviani principis exaedificavit Herodes, et Eleutheropolim et Neapolim itidemque Ascalonem Gazam aevo superiore exstructas.\r\n\r\nQuanta autem vis amicitiae sit, ex hoc intellegi maxime potest, quod ex infinita societate generis humani, quam conciliavit ipsa natura, ita contracta res est et adducta in angustum ut omnis caritas aut inter duos aut inter paucos iungeretur.\r\n\r\nHaec subinde Constantius audiens et quaedam referente Thalassio doctus, quem eum odisse iam conpererat lege communi, scribens ad Caesarem blandius adiumenta paulatim illi subtraxit, sollicitari se simulans ne, uti est militare otium fere tumultuosum, in eius perniciem conspiraret, solisque scholis iussit esse contentum palatinis et protectorum cum Scutariis et Gentilibus, et mandabat Domitiano, ex comite largitionum, praefecto ut cum in Syriam venerit, Gallum, quem crebro acciverat, ad Italiam properare blande hortaretur et verecunde.\r\n\r\nEgo vero sic intellego, Patres conscripti, nos hoc tempore in provinciis decernendis perpetuae pacis habere oportere rationem. Nam quis hoc non sentit omnia alia esse nobis vacua ab omni periculo atque etiam suspicione belli?\r\n\r\nPrincipium autem unde latius se funditabat, emersit ex negotio tali. Chilo ex vicario et coniux eius Maxima nomine, questi apud Olybrium ea tempestate urbi praefectum, vitamque suam venenis petitam adseverantes inpetrarunt ut hi, quos suspectati sunt, ilico rapti conpingerentur in vincula, organarius Sericus et Asbolius palaestrita et aruspex Campensis.', 'frakkass', 0, '2019-04-25 00:00:00'),
(2, 'test 2', 'Ultima Syriarum est Palaestina per intervalla magna protenta, cultis abundans terris et nitidis et civitates habens quasdam egregias, nullam nulli cedentem sed sibi vicissim velut ad perpendiculum aemulas: Caesaream, quam ad honorem Octaviani principis exaedificavit Herodes, et Eleutheropolim et Neapolim itidemque Ascalonem Gazam aevo superiore exstructas.\r\n\r\nQuanta autem vis amicitiae sit, ex hoc intellegi maxime potest, quod ex infinita societate generis humani, quam conciliavit ipsa natura, ita contracta res est et adducta in angustum ut omnis caritas aut inter duos aut inter paucos iungeretur.\r\n\r\nHaec subinde Constantius audiens et quaedam referente Thalassio doctus, quem eum odisse iam conpererat lege communi, scribens ad Caesarem blandius adiumenta paulatim illi subtraxit, sollicitari se simulans ne, uti est militare otium fere tumultuosum, in eius perniciem conspiraret, solisque scholis iussit esse contentum palatinis et protectorum cum Scutariis et Gentilibus, et mandabat Domitiano, ex comite largitionum, praefecto ut cum in Syriam venerit, Gallum, quem crebro acciverat, ad Italiam properare blande hortaretur et verecunde.\r\n\r\nEgo vero sic intellego, Patres conscripti, nos hoc tempore in provinciis decernendis perpetuae pacis habere oportere rationem. Nam quis hoc non sentit omnia alia esse nobis vacua ab omni periculo atque etiam suspicione belli?\r\n\r\nPrincipium autem unde latius se funditabat, emersit ex negotio tali. Chilo ex vicario et coniux eius Maxima nomine, questi apud Olybrium ea tempestate urbi praefectum, vitamque suam venenis petitam adseverantes inpetrarunt ut hi, quos suspectati sunt, ilico rapti conpingerentur in vincula, organarius Sericus et Asbolius palaestrita et aruspex Campensis.', 'frakkass', 0, '2019-04-25 00:00:00'),
(3, 'article 20', 'Ultima Syriarum est Palaestina per intervalla magna protenta, cultis abundans terris et nitidis et civitates habens quasdam egregias, nullam nulli cedentem sed sibi vicissim velut ad perpendiculum aemulas: Caesaream, quam ad honorem Octaviani principis exaedificavit Herodes, et Eleutheropolim et Neapolim itidemque Ascalonem Gazam aevo superiore exstructas.\r\n\r\nQuanta autem vis amicitiae sit, ex hoc intellegi maxime potest, quod ex infinita societate generis humani, quam conciliavit ipsa natura, ita contracta res est et adducta in angustum ut omnis caritas aut inter duos aut inter paucos iungeretur.\r\n\r\nHaec subinde Constantius audiens et quaedam referente Thalassio doctus, quem eum odisse iam conpererat lege communi, scribens ad Caesarem blandius adiumenta paulatim illi subtraxit, sollicitari se simulans ne, uti est militare otium fere tumultuosum, in eius perniciem conspiraret, solisque scholis iussit esse contentum palatinis et protectorum cum Scutariis et Gentilibus, et mandabat Domitiano, ex comite largitionum, praefecto ut cum in Syriam venerit, Gallum, quem crebro acciverat, ad Italiam properare blande hortaretur et verecunde.\r\n\r\nEgo vero sic intellego, Patres conscripti, nos hoc tempore in provinciis decernendis perpetuae pacis habere oportere rationem. Nam quis hoc non sentit omnia alia esse nobis vacua ab omni periculo atque etiam suspicione belli?\r\n\r\nPrincipium autem unde latius se funditabat, emersit ex negotio tali. Chilo ex vicario et coniux eius Maxima nomine, questi apud Olybrium ea tempestate urbi praefectum, vitamque suam venenis petitam adseverantes inpetrarunt ut hi, quos suspectati sunt, ilico rapti conpingerentur in vincula, organarius Sericus et Asbolius palaestrita et aruspex Campensis.', 'frakkass', 0, '2019-04-25 00:00:00'),
(4, 'un article de fou !', 'Ultima Syriarum est Palaestina per intervalla magna protenta, cultis abundans terris et nitidis et civitates habens quasdam egregias, nullam nulli cedentem sed sibi vicissim velut ad perpendiculum aemulas: Caesaream, quam ad honorem Octaviani principis exaedificavit Herodes, et Eleutheropolim et Neapolim itidemque Ascalonem Gazam aevo superiore exstructas.\r\n\r\nMais oui c\'est clair !\r\n\r\n\r\nQuanta autem vis amicitiae sit, ex hoc intellegi maxime potest, quod ex infinita societate generis humani, quam conciliavit ipsa natura, ita contracta res est et adducta in angustum ut omnis caritas aut inter duos aut inter paucos iungeretur.\r\n\r\nHaec subinde Constantius audiens et quaedam referente Thalassio doctus, quem eum odisse iam conpererat lege communi, scribens ad Caesarem blandius adiumenta paulatim illi subtraxit, sollicitari se simulans ne, uti est militare otium fere tumultuosum, in eius perniciem conspiraret, solisque scholis iussit esse contentum palatinis et protectorum cum Scutariis et Gentilibus, et mandabat Domitiano, ex comite largitionum, praefecto ut cum in Syriam venerit, Gallum, quem crebro acciverat, ad Italiam properare blande hortaretur et verecunde.\r\n\r\nEgo vero sic intellego, Patres conscripti, nos hoc tempore in provinciis decernendis perpetuae pacis habere oportere rationem. Nam quis hoc non sentit omnia alia esse nobis vacua ab omni periculo atque etiam suspicione belli?\r\n\r\nPrincipium autem unde latius se funditabat, emersit ex negotio tali. Chilo ex vicario et coniux eius Maxima nomine, questi apud Olybrium ea tempestate urbi praefectum, vitamque suam venenis petitam adseverantes inpetrarunt ut hi, quos suspectati sunt, ilico rapti conpingerentur in vincula, organarius Sericus et Asbolius palaestrita et aruspex Campensis.', 'frakkass', 0, '2019-04-25 00:00:00'),
(5, 'e eze ze ze 87 sur 250', 'Ultima Syriarum est Palaestina per intervalla magna protenta, cultis abundans terris et nitidis et civitates habens quasdam egregias, nullam nulli cedentem sed sibi vicissim velut ad perpendiculum aemulas: Caesaream, quam ad honorem Octaviani principis exaedificavit Herodes, et Eleutheropolim et Neapolim itidemque Ascalonem Gazam aevo superiore exstructas.\r\n\r\nQuanta autem vis amicitiae sit, ex hoc intellegi maxime potest, quod ex infinita societate generis humani, quam conciliavit ipsa natura, ita contracta res est et adducta in angustum ut omnis caritas aut inter duos aut inter paucos iungeretur.\r\n\r\nHaec subinde Constantius audiens et quaedam referente Thalassio doctus, quem eum odisse iam conpererat lege communi, scribens ad Caesarem blandius adiumenta paulatim illi subtraxit, sollicitari se simulans ne, uti est militare otium fere tumultuosum, in eius perniciem conspiraret, solisque scholis iussit esse contentum palatinis et protectorum cum Scutariis et Gentilibus, et mandabat Domitiano, ex comite largitionum, praefecto ut cum in Syriam venerit, Gallum, quem crebro acciverat, ad Italiam properare blande hortaretur et verecunde.\r\n\r\nEgo vero sic intellego, Patres conscripti, nos hoc tempore in provinciis decernendis perpetuae pacis habere oportere rationem. Nam quis hoc non sentit omnia alia esse nobis vacua ab omni periculo atque etiam suspicione belli?\r\n\r\nPrincipium autem unde latius se funditabat, emersit ex negotio tali. Chilo ex vicario et coniux eius Maxima nomine, questi apud Olybrium ea tempestate urbi praefectum, vitamque suam venenis petitam adseverantes inpetrarunt ut hi, quos suspectati sunt, ilico rapti conpingerentur in vincula, organarius Sericus et Asbolius palaestrita et aruspex Campensis.', 'frakkass', 0, '2019-04-25 00:00:00'),
(6, 'article de test 55', 'toi même !\r\n\r\n\r\nah ??\r\n\r\n\r\noui oui !!', 'frakkass', 1, '2019-04-26 11:47:01'),
(7, 'article à stocker pour le test', 'voici l\'article !\r\n\r\nje rajoute du texte pour tester :)\r\n\r\nca marche :)', 'frakkass', 2, '2019-04-26 14:21:59'),
(8, 'test d\'article après mis à jour', 'et me revoici avec un article test', 'frakkass', 2, '2019-04-26 16:20:17'),
(9, 'Mon article de test Numéro je sais pas combien.....', 'Et voici un autre article de test.....\r\n\r\nQuare talis improborum consensio non modo excusatione amicitiae tegenda non est sed potius supplicio omni vindicanda est, ut ne quis concessum putet amicum vel bellum patriae inferentem sequi; quod quidem, ut res ire coepit, haud scio an aliquando futurum sit. Mihi autem non minori curae est, qualis res publica post mortem meam futura, quam qualis hodie sit.\r\n\r\nTempore quo primis auspiciis in mundanum fulgorem surgeret victura dum erunt homines Roma, ut augeretur sublimibus incrementis, foedere pacis aeternae Virtus convenit atque Fortuna plerumque dissidentes, quarum si altera defuisset, ad perfectam non venerat summitatem.\r\n\r\nHacque adfabilitate confisus cum eadem postridie feceris, ut incognitus haerebis et repentinus, hortatore illo hesterno clientes numerando, qui sis vel unde venias diutius ambigente agnitus vero tandem et adscitus in amicitiam si te salutandi adsiduitati dederis triennio indiscretus et per tot dierum defueris tempus, reverteris ad paria perferenda, nec ubi esses interrogatus et quo tandem miser discesseris, aetatem omnem frustra in stipite conteres summittendo.\r\n\r\nSed quid est quod in hac causa maxime homines admirentur et reprehendant meum consilium, cum ego idem antea multa decreverim, que magis ad hominis dignitatem quam ad rei publicae necessitatem pertinerent? Supplicationem quindecim dierum decrevi sententia mea. Rei publicae satis erat tot dierum quot C. Mario ; dis immortalibus non erat exigua eadem gratulatio quae ex maximis bellis. Ergo ille cumulus dierum hominis est dignitati tributus.\r\n\r\nAlii nullo quaerente vultus severitate adsimulata patrimonia sua in inmensum extollunt, cultorum ut puta feracium multiplicantes annuos fructus, quae a primo ad ultimum solem se abunde iactitant possidere, ignorantes profecto maiores suos, per quos ita magnitudo Romana porrigitur, non divitiis eluxisse sed per bella saevissima, nec opibus nec victu nec indumentorum vilitate gregariis militibus discrepantes opposita cuncta superasse virtute.\r\n\r\nSed fruatur sane hoc solacio atque hanc insignem ignominiam, quoniam uni praeter se inusta sit, putet esse leviorem, dum modo, cuius exemplo se consolatur, eius exitum expectet, praesertim cum in Albucio nec Pisonis libidines nec audacia Gabini fuerit ac tamen hac una plaga conciderit, ignominia senatus.\r\n\r\nAltera sententia est, quae definit amicitiam paribus officiis ac voluntatibus. Hoc quidem est nimis exigue et exiliter ad calculos vocare amicitiam, ut par sit ratio acceptorum et datorum. Divitior mihi et affluentior videtur esse vera amicitia nec observare restricte, ne plus reddat quam acceperit; neque enim verendum est, ne quid excidat, aut ne quid in terram defluat, aut ne plus aequo quid in amicitiam congeratur.\r\n\r\nDein Syria per speciosam interpatet diffusa planitiem. hanc nobilitat Antiochia, mundo cognita civitas, cui non certaverit alia advecticiis ita adfluere copiis et internis, et Laodicia et Apamia itidemque Seleucia iam inde a primis auspiciis florentissimae.\r\n\r\nNec sane haec sola pernicies orientem diversis cladibus adfligebat. Namque et Isauri, quibus est usitatum saepe pacari saepeque inopinis excursibus cuncta miscere, ex latrociniis occultis et raris, alente inpunitate adulescentem in peius audaciam ad bella gravia proruperunt, diu quidem perduelles spiritus inrequietis motibus erigentes, hac tamen indignitate perciti vehementer, ut iactitabant, quod eorum capiti quidam consortes apud Iconium Pisidiae oppidum in amphitheatrali spectaculo feris praedatricibus obiecti sunt praeter morem.\r\n\r\nEt est admodum mirum videre plebem innumeram mentibus ardore quodam infuso cum dimicationum curulium eventu pendentem. haec similiaque memorabile nihil vel serium agi Romae permittunt. ergo redeundum ad textum.', 'frakkass', 1, '2019-04-27 11:58:47'),
(10, 'article test de GOUGOU !!!', 'YEs mon premier article !!!\r\n\r\nvalide le vite cher Frakkass !\r\n\r\n\r\n:)', 'gougou', 1, '2019-04-27 12:16:48');

-- --------------------------------------------------------

--
-- Structure de la table `comments`
--

CREATE TABLE `comments` (
  `id` int(11) NOT NULL,
  `articleId` int(11) NOT NULL,
  `author` varchar(255) NOT NULL,
  `comment` text NOT NULL,
  `date` datetime NOT NULL
) ENGINE=InnoDB DEFAULT CHARSET=utf8;

--
-- Déchargement des données de la table `comments`
--

INSERT INTO `comments` (`id`, `articleId`, `author`, `comment`, `date`) VALUES
(1, 4, 'chris', 'sympa !', '2019-04-25 11:26:08'),
(2, 4, 'chris', 'sympa !', '2019-04-25 11:31:53'),
(3, 4, 'test', 'commentaire test', '2019-04-25 11:40:34'),
(4, 3, 'chris', 'encore un commentaire !', '2019-04-25 11:51:33'),
(5, 5, 'chrissssss', 'test de commentaire', '2019-04-25 12:16:35'),
(6, 5, 'haha', 'test de commentaire n2', '2019-04-25 12:16:48'),
(7, 5, 'haha', 'test de commentaire n2', '2019-04-25 12:17:13'),
(8, 5, 'frakass', 'ceci est un commentaire de test, va-t-il utiliser la mise en page?\r\n\r\n\r\nréponse ??', '2019-04-25 12:19:30'),
(9, 5, 'fistouille', 'non lol', '2019-04-25 12:19:59'),
(10, 4, 'le gars', 'oui ou non?', '2019-04-25 12:20:20'),
(11, 5, 'fistouillette', 'yes c\'est cool bootstrap !', '2019-04-25 12:31:28'),
(12, 6, 'frakkass', 'nickel!', '2019-04-26 11:51:05'),
(13, 6, 'hgh ffg', 'Hohihuhihohihu\r\n\r\nFKDFKD', '2019-04-26 12:43:09'),
(14, 6, 'hgh ffg', 'Hohihuhihohihu\r\n\r\nFKDFKD', '2019-04-26 12:43:31'),
(15, 6, 'testeur', 'test avec \r\n\r\ndes\r\n\r\nespaces\r\n\r\n:) :) :) :)', '2019-04-26 12:43:52'),
(16, 7, 'gougou', 'super !', '2019-04-27 12:19:14'),
(17, 10, 'frakkass', 'C\'est fait :)\r\n', '2019-04-27 12:23:07'),
(18, 10, 'gougou', 'merci frakkass', '2019-04-27 12:27:27'),
(19, 9, 'le mec qui passe par là', 'haahahaha :)', '2019-04-27 12:56:38');

-- --------------------------------------------------------

--
-- Structure de la table `user`
--

CREATE TABLE `user` (
  `id` int(11) NOT NULL,
  `username` varchar(255) NOT NULL,
  `email` varchar(255) NOT NULL,
  `password` varchar(255) NOT NULL,
  `status` tinyint(1) DEFAULT '0'
) ENGINE=InnoDB DEFAULT CHARSET=utf8;

--
-- Déchargement des données de la table `user`
--

INSERT INTO `user` (`id`, `username`, `email`, `password`, `status`) VALUES
(1, 'frakkass', 'lacroixchris57@gmail.com', '$2y$10$7LmYCXHxJOdoJ3ssGTBvr.L0ca0GnhbeChk3AlwyRL4O..DRYbZOK', 1),
(4, 'gougou', 'lacroixchris57@gmail.com', '$2y$10$vlRVqAeIWA7zYxX7./tqSOsd/ig7Vef0IuHGq2iTvsSBj12Q8mmUW', 0);

--
-- Index pour les tables déchargées
--

--
-- Index pour la table `articles`
--
ALTER TABLE `articles`
  ADD PRIMARY KEY (`id`);

--
-- Index pour la table `comments`
--
ALTER TABLE `comments`
  ADD PRIMARY KEY (`id`),
  ADD KEY `articleId` (`articleId`),
  ADD KEY `author` (`author`);

--
-- Index pour la table `user`
--
ALTER TABLE `user`
  ADD PRIMARY KEY (`id`),
  ADD KEY `username` (`username`),
  ADD KEY `username_2` (`username`);

--
-- AUTO_INCREMENT pour les tables déchargées
--

--
-- AUTO_INCREMENT pour la table `articles`
--
ALTER TABLE `articles`
  MODIFY `id` int(11) NOT NULL AUTO_INCREMENT, AUTO_INCREMENT=11;

--
-- AUTO_INCREMENT pour la table `comments`
--
ALTER TABLE `comments`
  MODIFY `id` int(11) NOT NULL AUTO_INCREMENT, AUTO_INCREMENT=20;

--
-- AUTO_INCREMENT pour la table `user`
--
ALTER TABLE `user`
  MODIFY `id` int(11) NOT NULL AUTO_INCREMENT, AUTO_INCREMENT=5;

--
-- Contraintes pour les tables déchargées
--

--
-- Contraintes pour la table `comments`
--
ALTER TABLE `comments`
  ADD CONSTRAINT `comments_ibfk_1` FOREIGN KEY (`articleId`) REFERENCES `articles` (`id`);
COMMIT;

/*!40101 SET CHARACTER_SET_CLIENT=@OLD_CHARACTER_SET_CLIENT */;
/*!40101 SET CHARACTER_SET_RESULTS=@OLD_CHARACTER_SET_RESULTS */;
/*!40101 SET COLLATION_CONNECTION=@OLD_COLLATION_CONNECTION */;
